Diamond,Platinum,Gold,Sliver,Bronze
Baedar,Bow,Nguyensane,Lukanii,reese1999
yak0,991,master0062,kingkong187,NGAMING404
steanz,laddie64,RecitationQ,SavingBaeblades,potatoprince106
iStupid,tezzz,Urgot2BeJoking,Munchytart,jdog992
With,LN1,GalMaeGi,unspecificname,sarques
Link,Bored,BrixHanz,TheRealJustQQQ,snowyfoot
Toxiic,Elii,WuCam,Corinna,Penguins100
pizzadog9,dwater,Henrianna,LocalsOnlyBrah,RichieAvi
juajin,kepps,Fleetsave,LynSanity,esoop200
jeremy6543,Sabia,Wakajawaka,MankeMan,vetravil
Lost in thr Dark,Acestopper12,Black Jet,StoogMcDuff,tallcoldyu
TellAStory,tkeel,Vaynism,whitenessXD,wo shi meizi
YoghurtDestroyer,YONGJIAO,YourAzHurts,ZhongTR,inFamous Miss
KevinAKC,kidskidyou,Kocoo,kyoungberg16,Maypenray
Miss Helleiradna,Morteme,MURPHYZHANG,NOOB4EVERrrrr,RAKUKI